id,nome,idade
1,Lucas Moreira,30
2,Natália Ferreira,30
3,Agatha da Costa,46
4,Isaac Araújo,42
5,Laura Freitas,26
6,Sr. Lucas Gabriel Pinto,71
7,Valentina da Rosa,72
8,André Pires,56
9,Gabriela Pereira,26
10,Emanuel Mendes,57
11,Mirella Azevedo,77
12,Isabelly Rodrigues,69
13,Lorena Barros,38
14,Valentina Lopes,18
15,Theo Sales,74
16,Davi Luiz Caldeira,72
17,Dr. Yuri Rodrigues,71
18,Sra. Lívia Azevedo,65
19,Erick Moreira,40
20,Diego Rodrigues,21
21,Laura Rezende,27
22,Maria Cecília Peixoto,64
23,Vinicius Cavalcanti,32
24,Dr. Luiz Felipe Gomes,67
25,Maria Cecília Cunha,60
26,Melissa Barros,50
27,Anthony Souza,69
28,Bárbara Lopes,63
29,Bruno Rodrigues,34
30,Luana Santos,37
31,Marina Castro,26
32,Marcelo Moreira,49
33,Emanuella Pinto,59
34,Evelyn Barbosa,70
35,Felipe Fogaça,21
36,Lucca da Costa,46
37,Brenda Caldeira,62
38,Cecília Moraes,42
39,Dr. Igor Carvalho,42
40,Lucas Gabriel Castro,76
41,Maria Barbosa,60
42,Enzo Gabriel Ferreira,55
43,Beatriz Campos,32
44,Giovanna Farias,31
45,Dr. Enrico Pinto,35
46,Calebe Caldeira,43
47,Esther Campos,50
48,Vitor Hugo Melo,67
49,Sr. Davi Lucas Cavalcanti,79
50,Vinicius Cardoso,43
51,Pedro Lucas Costela,64
52,Gustavo Monteiro,52
53,Fernando Gonçalves,53
54,Ryan Cardoso,24
55,Luana da Luz,76
56,Carlos Eduardo Silva,22
57,Vitor Hugo Silveira,67
58,Cecília Peixoto,54
59,Felipe Dias,79
60,Ana Lívia Costa,33
61,Davi Ferreira,72
62,Julia Cunha,78
63,Nicolas Silva,26
64,Ana Sophia Ramos,55
65,Thales Pinto,75
66,Pedro Henrique Farias,50
67,Ana Julia Moreira,45
68,Kevin Cavalcanti,43
69,Erick Costela,56
70,Dr. Renan Souza,70
71,Bryan Caldeira,32
72,Lucas Cardoso,34
73,Marina Ferreira,27
74,Enzo Gabriel Duarte,33
75,Dra. Stella Carvalho,21
76,Srta. Gabrielly da Rosa,41
77,Isis da Mata,58
78,Isabella Barbosa,43
79,Carlos Eduardo Rodrigues,71
80,Lívia Costela,25
81,Isabella Pinto,34
82,Maria Clara Cunha,66
83,Gabrielly Lima,32
84,Juliana Rezende,27
85,Sofia Rodrigues,74
86,Thiago da Conceição,35
87,Isadora Barros,68
88,Fernando Caldeira,21
89,Nicole Teixeira,25
90,Sr. Marcelo Gonçalves,37
91,Sr. Felipe Vieira,79
92,Maria Cecília Santos,76
93,Thiago Silva,44
94,Pedro Lucas Gomes,52
95,Marcelo da Rocha,35
96,Emanuelly Ribeiro,48
97,Luigi Nunes,38
98,Sr. Cauã Azevedo,29
99,Nathan Porto,75
100,Paulo Moura,27
101,Gabrielly da Cunha,21
102,Theo das Neves,37
103,Luiz Gustavo da Cunha,60
104,Sr. Cauã Caldeira,62
105,Sabrina Lopes,42
106,Marcelo Monteiro,57
107,Cecília Santos,46
108,Mirella Lopes,76
109,Sofia Mendes,80
110,Levi Nunes,57
111,Francisco Farias,29
112,Rafaela Silva,49
113,Maria Alice Souza,74
114,Raquel Lopes,62
115,Raul Almeida,36
116,Clara Fogaça,54
117,Lorena da Rocha,30
118,Davi Lucas Rodrigues,30
119,Caroline Campos,48
120,Dra. Ana Sophia Dias,54
121,Bruna da Mota,58
122,Maysa da Costa,44
123,Marcos Vinicius Campos,44
124,Daniel Ferreira,55
125,Maria Julia da Conceição,58
126,Sra. Ana Ribeiro,65
127,Evelyn da Cunha,75
128,Luana da Rosa,43
129,Dra. Ana Lívia Viana,70
130,Stella Pinto,41
131,Bryan Pires,43
132,Maysa Gonçalves,39
133,Sofia Rodrigues,73
134,Sr. Eduardo Lopes,40
135,Srta. Luna Farias,60
136,João Guilherme Rocha,40
137,Luiz Otávio Azevedo,56
138,Sra. Nina Oliveira,52
139,Laís da Costa,24
140,Sra. Heloísa da Mota,70
141,Carolina da Costa,51
142,Eduarda Jesus,55
143,Esther da Mota,44
144,Dr. Bruno Cavalcanti,25
145,Dr. Pedro Henrique da Conceição,37
146,Sra. Sabrina Ferreira,73
147,Vitória Gonçalves,52
148,João Miguel Porto,49
149,Lívia Barbosa,34
150,Srta. Lavínia das Neves,55
151,Breno Pereira,22
152,Kevin da Mota,29
153,Bruno Costa,80
154,Dra. Giovanna Gonçalves,50
155,João Vitor Castro,25
156,Lucas Castro,48
157,Dr. Pedro Miguel Nogueira,67
158,Valentina das Neves,68
159,Gabriela Sales,79
160,João Lucas Oliveira,39
161,Rafaela Rodrigues,27
162,Leandro da Cunha,23
163,Daniel Santos,36
164,Pietro Teixeira,77
165,Gustavo Novaes,35
166,Luna Nunes,53
167,Emanuel da Cunha,35
168,Maria Clara Farias,36
169,Daniela da Conceição,45
170,Bianca Castro,33
171,Leandro Correia,30
172,Maria Jesus,57
173,Augusto Santos,37
174,Cauê Teixeira,67
175,Enzo Ferreira,23
176,Pietro Porto,44
177,Vicente Ferreira,74
178,Thales da Cunha,55
179,Dr. Felipe Nascimento,35
180,Pietra Teixeira,42
181,Vitor Hugo Cardoso,29
182,Emanuella Sales,56
183,João Pedro Dias,63
184,Marina da Paz,49
185,Dr. Pedro Miguel Nascimento,77
186,Isis Rodrigues,22
187,Luiz Otávio Lima,24
188,Sra. Maria Cecília Silva,32
189,Luiz Henrique Monteiro,80
190,Diogo Novaes,31
191,Juliana Aragão,75
192,Dra. Juliana Correia,80
193,Isaac Teixeira,27
194,Mariana Pinto,21
195,Thomas Fernandes,20
196,Sophie da Conceição,20
197,Marcelo Ribeiro,32
198,Caio Campos,40
199,Amanda da Costa,80
200,Pietro Nunes,62
201,Larissa Nascimento,38
202,Davi Lucca Cardoso,23
203,Sra. Maria Sophia Ferreira,71
204,Pedro Lucas da Rocha,27
205,Letícia Cunha,67
206,Nicolas da Rosa,80
207,Luiz Gustavo Duarte,19
208,Júlia Mendes,33
209,Davi Luiz Fernandes,57
210,Kevin Pinto,36
211,João Felipe Rocha,47
212,Rodrigo Pires,28
213,Marcela da Cruz,66
214,Sra. Ana Vitória Martins,21
215,Murilo Peixoto,36
216,Anthony Aragão,43
217,André da Paz,40
218,Dra. Juliana Correia,67
219,Mariane Barros,44
220,Davi Lucca Campos,18
221,Sra. Milena Monteiro,52
222,João Lucas Rezende,72
223,Srta. Rafaela da Rocha,72
224,Thomas Farias,24
225,Vitor Hugo Barbosa,73
226,Sr. Leandro Rocha,51
227,Dra. Maitê da Luz,30
228,Noah Fogaça,79
229,Sr. Diego Alves,42
230,Sofia Carvalho,27
231,Sr. Pedro Miguel Ramos,53
232,João Miguel Lima,49
233,Lucas Gomes,42
234,Melissa Freitas,57
235,Alana da Luz,67
236,Levi Pires,46
237,Raquel Monteiro,31
238,Thales da Luz,45
239,Brenda Rezende,48
240,Breno Duarte,78
241,Luiz Felipe Fogaça,24
242,Paulo Monteiro,77
243,Breno Azevedo,19
244,Enzo Gabriel Cardoso,40
245,Maria Clara Viana,48
246,Dra. Maysa Novaes,39
247,Erick Pires,23
248,Enzo Gabriel Duarte,68
249,João Pedro Freitas,77
250,Vitor Hugo Caldeira,49
251,João Guilherme Caldeira,29
252,Thales Azevedo,23
253,Maitê Nunes,30
254,Nicolas Novaes,53
255,Giovanna Correia,28
256,Sr. Thomas Nascimento,45
257,Luiz Henrique Souza,31
258,Sofia Oliveira,42
259,Lorena Cardoso,27
260,Vitor Gabriel Moreira,80
261,Caio Novaes,57
262,Rebeca Cunha,79
263,Arthur Ferreira,65
264,Emanuelly da Rocha,27
265,Diego da Mota,67
266,Luiz Otávio Ferreira,35
267,Dra. Ana Sophia Costa,21
268,Evelyn Cardoso,33
269,Sra. Larissa Vieira,75
270,Antônio Moura,55
271,Bianca Duarte,59
272,Marcelo Ramos,53
273,Emanuella da Paz,45
274,Isabella da Rosa,75
275,Srta. Nicole Fogaça,55
276,Carolina Cavalcanti,80
277,Kamilly Peixoto,55
278,Srta. Maria Sophia Teixeira,54
279,Gabrielly Duarte,31
280,Marina Pinto,47
281,Mariana Carvalho,41
282,Felipe Pereira,65
283,Luiz Felipe Porto,40
284,Ana Carolina Ribeiro,24
285,Luigi Monteiro,31
286,Dra. Ana Laura Fernandes,27
287,Julia Cardoso,69
288,Dr. Lucas Gabriel Moreira,41
289,Dr. Vitor Araújo,67
290,Benjamin Rezende,54
291,Sra. Clarice Carvalho,23
292,Ana Clara Cavalcanti,27
293,Lucca Correia,30
294,Stephany Cunha,51
295,Lucas Santos,59
296,Maria Alice Vieira,20
297,Stephany da Costa,79
298,Dr. Luiz Miguel Araújo,53
299,Natália Carvalho,44
300,João Lucas Cunha,52
301,Sr. João Felipe Melo,75
302,Maria Alice Barbosa,29
303,Luana da Cunha,56
304,Luiz Henrique da Mota,48
305,João Lucas Fernandes,42
306,Danilo Melo,42
307,Kevin Barros,70
308,Maysa Aragão,43
309,Heitor da Paz,26
310,Alice Oliveira,56
311,Dra. Natália Vieira,21
312,Dra. Sarah da Costa,64
313,Emilly Nogueira,22
314,Levi Dias,29
315,Lívia Pereira,52
316,Cauã Viana,19
317,Bruna das Neves,78
318,Dra. Isabel Moreira,30
319,Lavínia Pereira,61
320,Gabriela Lima,53
321,Vitor Gabriel Pires,21
322,Ana Vitória Novaes,33
323,Sr. Miguel da Conceição,67
324,Clara Rocha,22
325,Sr. Augusto Pires,18
326,Caio Barbosa,50
327,Maria Eduarda Castro,80
328,Francisco Barros,19
329,Mariane da Rocha,47
330,Maria Luiza das Neves,72
331,Ana Carolina da Cruz,55
332,Rafael Cunha,31
333,Otávio Pires,79
334,Nicole da Rosa,21
335,Pedro Miguel da Costa,60
336,Enrico Fernandes,80
337,Luiz Henrique da Paz,79
338,Ana Carolina das Neves,53
339,Rafael da Rocha,62
340,Felipe Silveira,46
341,Maria Clara Lopes,73
342,Vitor Hugo Ramos,21
343,Vitor Gabriel Lima,50
344,Pietra Martins,28
345,Vitor Hugo Pires,74
346,Dra. Júlia Teixeira,19
347,Daniela Santos,24
348,Vitor Silva,36
349,Ana Beatriz Correia,47
350,Vitória Fernandes,51
351,Alana Porto,49
352,Enrico Duarte,34
353,Alana da Cruz,63
354,Dr. Erick Rocha,78
355,Ana Vitória Duarte,42
356,Rafael Nascimento,34
357,Cecília Rocha,69
358,Mirella Santos,58
359,Sabrina Aragão,80
360,Bruna Souza,68
361,Maria Julia Costela,68
362,João Araújo,69
363,Vitória Porto,65
364,Ryan Alves,64
365,Gustavo Cardoso,39
366,Catarina Mendes,66
367,Marina da Costa,60
368,Enzo Aragão,56
369,Clara Peixoto,76
370,Srta. Maria Vitória Duarte,60
371,Lorenzo Cardoso,56
372,Caroline Jesus,71
373,Letícia Nogueira,23
374,Murilo Porto,48
375,Juliana Gonçalves,53
376,Marcos Vinicius Farias,53
377,Sra. Emanuelly Viana,23
378,Pedro Miguel da Paz,45
379,Luiz Felipe Martins,56
380,Emilly da Cunha,34
381,Mariane Porto,19
382,Nina da Cunha,74
383,Maitê Dias,42
384,Lara da Costa,75
385,Theo Azevedo,51
386,Isadora Costela,78
387,Bryan Viana,28
388,Letícia Silva,19
389,Marcelo Duarte,50
390,Murilo Caldeira,44
391,Theo Correia,40
392,Srta. Larissa Ribeiro,37
393,Sr. Heitor Ferreira,28
394,Bryan Cavalcanti,44
395,Lara Pereira,52
396,Gabriela Pinto,42
397,Heitor Alves,36
398,Ryan Fernandes,34
399,João Vitor Alves,38
400,Leonardo da Rosa,54
401,Sra. Lívia Rocha,71
402,Srta. Yasmin da Cruz,39
403,Sra. Luana Caldeira,56
404,Sra. Nicole da Rosa,70
405,Diogo Cavalcanti,18
406,Alana Almeida,47
407,Ana Julia Costa,47
408,Nicole Oliveira,60
409,Emilly Monteiro,73
410,Melissa Costela,57
411,Olivia Porto,31
412,Luna Barros,27
413,Raul Ferreira,52
414,Sr. João Guilherme Novaes,64
415,Maria Alice da Cunha,51
416,Daniela Duarte,21
417,Vitória Aragão,76
418,Maria Clara Nascimento,19
419,Levi Dias,51
420,Pedro Lucas Teixeira,64
421,Alice Ribeiro,63
422,Melissa da Rosa,38
423,Sr. Rodrigo Lopes,71
424,Noah Melo,64
425,Dr. Luiz Miguel Santos,48
426,Diogo Pires,72
427,Clarice Sales,51
428,Melissa da Rosa,19
429,Breno Costela,64
430,Srta. Clarice Moraes,66
431,Thomas Alves,68
432,Enrico Freitas,39
433,Sr. Matheus Rodrigues,53
434,Pedro Lucas Aragão,62
435,Cauã da Paz,45
436,João Lucas Teixeira,54
437,Luiz Miguel Lopes,50
438,Natália da Paz,23
439,João Pedro Ramos,33
440,Maria Sophia Ribeiro,47
441,Davi Lucca Araújo,73
442,Isabel da Cunha,32
443,Kaique Barbosa,26
444,Kevin Novaes,66
445,Eduardo da Mata,50
446,Renan Moreira,25
447,Luiza Farias,45
448,Igor Viana,44
449,Lara Castro,18
450,Sr. Bryan da Costa,50
451,Manuela Moreira,28
452,Rebeca Pires,27
453,Bruno Farias,66
454,Luigi Pinto,46
455,Luiz Miguel Fogaça,38
456,Marcela Almeida,71
457,Maria Fernanda Sales,55
458,Dra. Brenda Ferreira,47
459,Rafael Vieira,55
460,Sr. Bruno Jesus,39
461,Sra. Bruna Vieira,73
462,Sra. Nina Moraes,78
463,Srta. Maria Cecília Viana,55
464,Juliana da Costa,44
465,Pietro Ramos,69
466,Bernardo Vieira,52
467,Calebe Azevedo,22
468,Luiz Henrique Caldeira,74
469,Srta. Nicole Viana,57
470,Maysa Cavalcanti,34
471,Lara Pereira,62
472,Isaac Moura,41
473,Bruno Nascimento,68
474,Bruna Moura,48
475,Sr. Gustavo Henrique Cardoso,31
476,Emilly Novaes,37
477,João Gomes,73
478,Sra. Rebeca Carvalho,51
479,João Felipe Fernandes,73
480,Isabelly Moura,78
481,Letícia Barros,61
482,Marcela Fernandes,69
483,Bruna Gonçalves,24
484,Emanuella da Rocha,23
485,Luigi Santos,78
486,Isabelly Ramos,35
487,Laís Gomes,53
488,Maria Julia da Cunha,19
489,Dra. Ana Sophia Jesus,64
490,Gabriela Lopes,63
491,Dra. Ana Clara da Costa,41
492,Brenda Barros,30
493,Valentina Viana,76
494,Gabriel Correia,76
495,Mirella da Rocha,52
496,Calebe Rezende,55
497,Alana Cunha,80
498,Ana Lívia Santos,79
499,João Guilherme Rocha,79
500,Ana Fernandes,30
501,Emanuel Campos,18
502,Isadora Lopes,30
503,Pedro Lucas das Neves,74
504,Dra. Bruna Fernandes,49
505,Maria Sophia Teixeira,66
506,Agatha Nascimento,23
507,Milena Freitas,31
508,Vitor da Cunha,27
509,Kevin Teixeira,74
510,Raquel Carvalho,50
511,Srta. Nina Silva,69
512,Davi Lucca Silva,35
513,Fernando Novaes,48
514,Sophie Lima,59
515,Sra. Maria Julia Teixeira,67
516,Dra. Julia Farias,79
517,Dr. Yago Farias,27
518,Alexia Rezende,40
519,Luiz Otávio Almeida,64
520,André Freitas,64
521,Amanda Cavalcanti,55
522,Luiza Silveira,23
523,Thomas Caldeira,23
524,Larissa Teixeira,63
525,Pietra Aragão,63
526,Clarice Rezende,26
527,Francisco da Rosa,54
528,Vicente Porto,76
529,Sra. Lavínia Fogaça,69
530,Srta. Luna Gomes,34
531,Dr. Enrico Pires,41
532,Pedro Miguel Melo,29
533,Caroline Novaes,72
534,Raquel Pires,54
535,João Pedro Farias,42
536,Sra. Catarina da Mata,57
537,João Guilherme da Rosa,67
538,Milena Barbosa,52
539,Ana Carolina Pires,70
540,Joana Moraes,78
541,Emanuel Silva,42
542,Ana Julia da Luz,54
543,Bruna Silveira,25
544,Vitor Hugo Cardoso,49
545,Sr. Marcelo Santos,66
546,Bianca Nunes,46
547,Gabrielly Pires,70
548,Sra. Brenda Moura,60
549,Beatriz Ferreira,30
550,Bianca da Mata,50
551,Juliana Melo,26
552,Cauê Santos,76
553,Luiz Henrique Cunha,43
554,Rafael da Luz,49
555,Srta. Bianca Gomes,33
556,Pietro Farias,42
557,Mariana da Rocha,69
558,Dr. João Vitor Gonçalves,43
559,Diogo Alves,28
560,Vitória da Mota,72
561,Bernardo Vieira,27
562,Yuri da Cunha,27
563,Dra. Emilly Moreira,21
564,Breno Cunha,34
565,Beatriz Rocha,61
566,Samuel Silva,47
567,Emanuel Ramos,35
568,Srta. Raquel da Paz,51
569,Fernanda Azevedo,28
570,Maria Eduarda Farias,28
571,Vitor Gabriel Aragão,58
572,Vitória da Rosa,55
573,Vitória Carvalho,21
574,Vitor Peixoto,35
575,Sra. Maria Cecília Azevedo,62
576,João Felipe Lima,41
577,João Vitor Aragão,66
578,Dr. Danilo Rocha,44
579,Rafael Rodrigues,79
580,Erick da Rocha,65
581,Vitor Gonçalves,63
582,Maitê Rocha,68
583,Renan Moraes,22
584,Vitória Lima,31
585,Bernardo Rodrigues,55
586,Sra. Rebeca Melo,51
587,Lívia da Luz,44
588,Camila Freitas,33
589,Clara Campos,76
590,Diogo Costa,20
591,Maria Julia Souza,60
592,Vitor Azevedo,43
593,Pedro Henrique da Mota,79
594,Milena Aragão,52
595,Thiago da Rosa,22
596,Dra. Laura Farias,58
597,Sophia Costa,70
598,Pedro Lucas da Mata,61
599,Eduarda Nascimento,69
600,Sophie Gomes,49
601,Luiz Felipe Rocha,68
602,Luna Moura,65
603,Dra. Luiza da Luz,37
604,Isaac Gonçalves,23
605,Dr. Enrico Barros,56
606,Julia Freitas,40
607,Gabriela Araújo,64
608,Nicole da Costa,71
609,Pedro Moreira,34
610,Dr. Breno Lopes,58
611,Yuri Souza,77
612,Maria Eduarda Peixoto,27
613,Dra. Clara Monteiro,64
614,Luiza Cardoso,31
615,Vicente Nogueira,60
616,Thomas Peixoto,30
617,Sr. Yago Viana,39
618,Lorena Correia,65
619,Maria Vitória Vieira,66
620,Gustavo Jesus,80
621,Sra. Raquel Peixoto,42
622,Dr. Emanuel Santos,46
623,Davi Lucas Silveira,66
624,Francisco Rezende,42
625,Vitor Farias,44
626,Bruna da Mata,52
627,Pietro Araújo,44
628,Vinicius Melo,56
629,Vitória Farias,29
630,Thomas Cardoso,76
631,Joana Moraes,74
632,Ana Júlia Costela,50
633,Felipe Peixoto,42
634,Maria Alice Sales,76
635,Luana Farias,64
636,Francisco Porto,66
637,Esther Pereira,52
638,Emanuella Alves,27
639,Ana Clara da Cunha,62
640,Maitê Barros,41
641,Luigi Melo,21
642,Clara Cunha,37
643,Srta. Emanuella Pires,63
644,Ana Sophia Azevedo,30
645,Lucas Castro,37
646,Alice Fernandes,18
647,Dra. Gabriela Souza,79
648,Breno Carvalho,27
649,Nicole Sales,60
650,Enrico Santos,52
651,Eduarda da Conceição,39
652,Srta. Kamilly Moura,45
653,Augusto da Conceição,58
654,Cauê Silveira,77
655,Dr. Bryan das Neves,44
656,Sra. Ana Rodrigues,75
657,Isabella Moura,19
658,Raul da Costa,40
659,Bárbara Carvalho,33
660,Calebe Correia,76
661,Ana Carolina Lima,25
662,Mariane Barbosa,80
663,Agatha Dias,61
664,Sra. Isabelly Pereira,69
665,Cecília Barros,67
666,André Pereira,19
667,Matheus Farias,35
668,Dr. Nicolas Costa,34
669,João Nogueira,76
670,Luiz Felipe Pereira,21
671,Maria Alice Jesus,21
672,João Duarte,21
673,Natália da Rosa,63
674,Kaique Monteiro,77
675,Miguel Cavalcanti,24
676,Laura da Costa,79
677,Lavínia da Mota,65
678,Ana Sophia Cavalcanti,39
679,Dra. Ana Julia Gomes,35
680,Heloísa Alves,21
681,Guilherme Rezende,73
682,Kaique da Luz,74
683,Sophie Vieira,20
684,Luiz Otávio Vieira,59
685,Sra. Vitória Peixoto,25
686,Lucca Freitas,54
687,Pedro Lucas Moreira,76
688,Joana Azevedo,31
689,Cauê Costa,42
690,Lucas Gabriel Lima,22
691,Maitê Costa,78
692,Cauã Araújo,35
693,Bianca Ferreira,29
694,Dr. Nicolas Lopes,70
695,Sr. Benício Teixeira,73
696,Felipe Pinto,33
697,Marina Rezende,55
698,Luiz Henrique Moura,78
699,Lívia da Rosa,54
700,Sra. Marina Nogueira,53
701,João Vitor Nogueira,70
702,Maria Eduarda Santos,39
703,Yago Santos,43
704,Luigi Rocha,30
705,Luiz Miguel Pinto,22
706,Clara Silva,43
707,Pietra Viana,31
708,Francisco Souza,48
709,Rafael da Paz,19
710,Caroline Jesus,22
711,Srta. Sabrina Porto,20
712,Luiz Gustavo Vieira,64
713,Cecília Monteiro,28
714,Otávio Teixeira,71
715,Maria Sophia da Conceição,44
716,Cauã da Rocha,79
717,Luigi Freitas,22
718,Sr. Pedro Lucas Cardoso,51
719,Paulo Silveira,47
720,Thales Fogaça,18
721,Catarina Almeida,73
722,Thomas Pereira,37
723,Júlia da Rocha,37
724,Camila Lopes,35
725,Dr. Noah Peixoto,63
726,Clara Ferreira,22
727,Luna Martins,50
728,Natália Silveira,57
729,Felipe Dias,18
730,Dra. Ana Lopes,53
731,João Moreira,52
732,Raul da Mata,61
733,Pietro da Conceição,22
734,Milena Cavalcanti,21
735,Bernardo Almeida,34
736,Emilly Moura,59
737,Leonardo Nogueira,42
738,Caio da Mata,19
739,Alexia das Neves,35
740,Maria Sophia Costa,27
741,Sra. Ana Luiza da Rosa,40
742,João Vitor Cardoso,51
743,Emanuel Dias,57
744,Raul Rezende,69
745,Rebeca Teixeira,49
746,Srta. Ana Clara Caldeira,23
747,Maria Silveira,64
748,Vitor Costa,78
749,Marina Rodrigues,61
750,Dra. Kamilly Rezende,39
751,Ana Vitória Nunes,76
752,Dra. Isabel Araújo,52
753,Dra. Maria Sophia Freitas,20
754,Elisa Costela,76
755,Laura Moura,59
756,Srta. Milena Pereira,23
757,Vitória Araújo,35
758,Antônio Azevedo,73
759,Luiz Fernando Almeida,18
760,Ana Sophia Azevedo,63
761,André Nascimento,24
762,Isabel Cunha,62
763,Elisa Rocha,37
764,João Guilherme Farias,80
765,Yago Ferreira,55
766,Alícia Pinto,63
767,Maria Clara Almeida,55
768,Fernando Nunes,45
769,Vitória Duarte,73
770,Rafael Carvalho,31
771,Bernardo Nogueira,73
772,Miguel Correia,40
773,Heitor Martins,55
774,Cauê Dias,46
775,Murilo Porto,25
776,Beatriz Silva,73
777,Mariana Vieira,54
778,Sr. Davi Luiz Cunha,38
779,Caroline Peixoto,74
780,Ana Luiza Rodrigues,37
781,Gabrielly Nogueira,41
782,Srta. Helena Pereira,63
783,Henrique Moraes,27
784,Elisa Ferreira,61
785,Dra. Joana Moreira,44
786,Júlia Castro,35
787,Caroline Martins,19
788,Luiza Barros,53
789,Sra. Valentina Ribeiro,70
790,Lívia Pinto,42
791,Sophie Cardoso,76
792,Ana Júlia Pinto,52
793,Luna Nascimento,35
794,Davi Lucas Nogueira,54
795,Dr. Eduardo Nogueira,18
796,Luigi Campos,65
797,Davi Lucca Fernandes,39
798,Sophie da Cruz,48
799,Elisa Moraes,37
800,Isis Pires,79
801,Dr. João Miguel Teixeira,66
802,Emanuella Moraes,75
803,Evelyn Dias,74
804,Sofia Costa,34
805,Dr. Alexandre Viana,28
806,Davi Lucas Campos,34
807,Davi Viana,38
808,Alexandre Viana,24
809,Emilly Jesus,40
810,Luiza Lopes,46
811,Luiz Fernando Ferreira,67
812,Catarina Costela,35
813,Leonardo Costela,60
814,Sophia Costela,79
815,Lívia Ferreira,25
816,Guilherme Aragão,77
817,Dra. Manuela Moura,52
818,Caroline Sales,26
819,Luana da Cunha,76
820,Lorenzo Ramos,44
821,Olivia Pinto,41
822,Maitê da Luz,18
823,Benício Pires,68
824,Lavínia Gomes,38
825,Enzo Gabriel Pinto,62
826,Rafaela Silva,21
827,Emilly Porto,59
828,Júlia Peixoto,41
829,Maysa Farias,23
830,Srta. Marcela da Cunha,57
831,Isadora Almeida,25
832,Catarina Cardoso,74
833,Luiz Henrique Fogaça,18
834,Kaique Rodrigues,21
835,Samuel Martins,77
836,Mirella da Luz,22
837,Ana Carolina Pereira,79
838,Thales Vieira,42
839,Raquel Martins,60
840,Mariane Cunha,70
841,Marcos Vinicius Nascimento,21
842,Elisa Cardoso,73
843,Marcela Caldeira,38
844,Gustavo Henrique Cunha,46
845,Ana Vitória Peixoto,42
846,Maria Alice Viana,54
847,Gustavo Cardoso,66
848,Alana Monteiro,55
849,Sabrina da Mata,75
850,André Barros,28
851,Theo Ramos,19
852,Vinicius da Rocha,54
853,Caio Rodrigues,30
854,Gabrielly Nunes,44
855,Thomas da Conceição,56
856,João Miguel da Conceição,28
857,Alana Rodrigues,80
858,Ana Vitória Caldeira,70
859,Davi Lucas Viana,58
860,Samuel Ferreira,57
861,Gustavo Henrique Nunes,60
862,Marcelo Jesus,36
863,Ana Luiza Caldeira,61
864,Vitor Peixoto,19
865,Leandro da Rocha,70
866,Ana Laura Pereira,23
867,Eduarda Monteiro,46
868,Benjamin Porto,57
869,Luiza Fogaça,28
870,Dr. Daniel Oliveira,36
871,Raquel da Rosa,52
872,Henrique da Mota,74
873,Stella da Rosa,72
874,Dr. Gabriel Farias,49
875,Enzo Gabriel da Conceição,53
876,Davi Lucca Fogaça,33
877,Isabella Costela,40
878,Thiago das Neves,70
879,Joana Novaes,50
880,Marina Costa,18
881,Diogo Gonçalves,61
882,Ana Vitória da Mata,29
883,João Pedro Cardoso,72
884,Sarah Pires,33
885,Dr. Theo Dias,23
886,Paulo Barbosa,59
887,Ana Júlia Ribeiro,61
888,Davi Viana,80
889,Juan Viana,27
890,Dra. Maria Julia Cardoso,62
891,Felipe Pereira,31
892,Sra. Julia Alves,42
893,Marina da Costa,36
894,Clara Campos,66
895,Pedro Lucas Ramos,63
896,Ana Sophia Santos,63
897,Raquel Correia,38
898,João Miguel Rocha,54
899,Enzo Duarte,46
900,Alice Nogueira,72
901,Maria Clara Fernandes,80
902,Ana Julia Correia,41
903,Lavínia Silva,64
904,Benjamin Porto,54
905,Ana Júlia Pires,67
906,Cauê Porto,24
907,João Lucas Ramos,22
908,Kevin Campos,42
909,Eloah Santos,73
910,Sra. Sarah Cavalcanti,44
911,Larissa Castro,69
912,Kaique da Rocha,48
913,Valentina Araújo,77
914,João Vitor Aragão,36
915,Marina Nascimento,25
916,Sra. Olivia Barbosa,29
917,Sophia Cardoso,27
918,Marcelo da Rocha,49
919,Thiago Moreira,39
920,Sofia Souza,79
921,Sra. Kamilly Duarte,25
922,Lavínia Moura,51
923,Maria Julia Barbosa,73
924,Daniela Araújo,77
925,Heitor Costa,43
926,Vitor Hugo Rocha,75
927,Juan Caldeira,39
928,Valentina Ferreira,53
929,Raquel Vieira,38
930,Maria Eduarda Nunes,64
931,Lara Silva,70
932,Luana Farias,18
933,Ana da Costa,37
934,Sr. Carlos Eduardo Pereira,19
935,Kevin Duarte,42
936,Augusto Barros,30
937,Maria Clara Correia,41
938,Sr. Antônio Gomes,66
939,Srta. Ana Beatriz Porto,43
940,Luana das Neves,68
941,Isabella Pereira,37
942,Cauã Ferreira,40
943,Brenda Costa,72
944,Diego Rezende,47
945,Alexia Pereira,53
946,Yuri das Neves,27
947,Maitê Rodrigues,61
948,João Pedro da Paz,64
949,Emanuel Peixoto,34
950,Daniela Santos,72
951,Rafaela Carvalho,63
952,Pietro Monteiro,37
953,Eduardo Ramos,59
954,Pietra da Rosa,42
955,Stella Correia,36
956,Henrique Porto,55
957,Davi Luiz da Cunha,59
958,Pietra Azevedo,64
959,Antônio Pires,70
960,Renan da Cruz,79
961,Sra. Rafaela Ribeiro,49
962,Dra. Ana Beatriz Nunes,75
963,Rafael Dias,19
964,Srta. Daniela Vieira,54
965,Dr. João Pedro da Mata,74
966,Sra. Alice Mendes,38
967,Diego Nascimento,34
968,Alícia Lima,53
969,Letícia Nascimento,61
970,Carolina Aragão,55
971,Sra. Eduarda Santos,76
972,Maitê Pinto,34
973,Sabrina Fernandes,36
974,Dr. Henrique Nogueira,69
975,Bryan Vieira,55
976,Sr. Pedro Miguel Oliveira,21
977,Sr. Francisco Peixoto,52
978,André Barros,53
979,Sra. Maria Julia Barros,74
980,Sra. Clara Viana,35
981,Srta. Lívia Rocha,47
982,Kevin da Mata,51
983,Juan Costa,39
984,Ana Luiza Monteiro,59
985,Marcela Ramos,76
986,Sra. Ana Sophia Sales,80
987,Thiago Sales,26
988,Camila Rodrigues,22
989,Caroline Cavalcanti,56
990,João da Rocha,52
991,Francisco Moraes,22
992,Amanda da Mata,38
993,Raul da Rosa,34
994,Emanuella da Luz,74
995,Maria Sophia da Paz,46
996,Vitor Gabriel Barbosa,39
997,Maria Alice Souza,51
998,Olivia Duarte,37
999,Luiz Felipe Cavalcanti,55
1000,Bianca Jesus,47
